Gene,Gene ID,Length (AA),Sequence,Modeled sequence,Class,Domain,Host species,Pathogen,Avr,Avr ID,Notes,Pentamer Seed,Pentamer ipTM,Pentamer pTM,Pentamer Chain pTM,Hexamer Seed,Hexamer  ipTM,Hexamer pTM,Hexamer Chain pTM
SlNRC0,XP_004248175,887,MADAVVEFLLLNLKQLLLYHVDLLSGVKDEVESLHRELSLMKAFLKDSREKRSEYEYVRELVSQITIVAYEAEDIIDTFVTNAAMQKARSTVRRAFHVFDHSSKLRNVAKEIESIKVKVKEIYDKKMFGIQSLHGGESSHRSPPQKRVPMVEEENVVGFDDEARKISSRLTNGSEELEIISIVGMGGLGKTTLAKKVYTDSSIEFHFYNRAWIYVSQLYSRKEVFLGILDSLSLITDEMYKMNDEKLAGELFSHLRSKRYLVVIDDVWTMEAWDDLQMAFPKTATGSRILLTTRNTEVALHANPEGLPHHLRFLTHEESWELLSKKVFRKGICPLELEDIGLQIAKKCYGLPLAIVVVSGLLLKKEKTRDWWKKIANDVSSYVARDPKQCMDVLALSYKHLPDHLKVCFIYFGVFPEDFEIPVWKLLRLWTSEGFVQKMGQECLEDTAEEYLEDLVDRNLVLVAKKRASGRIKTCRIHDMLRDLSVKMGSEEKFLEVFKESAQNHSLSPISKYHRRLCVHSHFLDFITSRPFGPNVRSFLCFASEEMELLREHTSFLHEAFRLVRVLDLKYINFPRFPTEIVQLVHLRYIALSGNFRVLPASISKLWNLETLIVGTKSRELDIQVDIWKMSQFKHLYTSGLSCLRGPPAKTRKDNADPFVRRNIQTISTVLPDCCKENILARTPGLRKLGIRGKLATLVATNGDSSLFDNLAKLDNLETLKLLNDTFPLPPSQCQIPGLPQSYKFPPNLKKLTLSDTFLDWSHISTLGMLPNLEVLKLKDYAFKGTQWEPLDGGFRLLRVLHIGRTNLEHWNASGHHFPRLQQVFLKHCSSLNEIPFGLVEVSSLQNIELFWPTPAAAASARIIQQEKQEGDIKDNVFKLVIYPPDI,MADAVVEFLLLNLKQLLLYHVDLLSGVKDEVESLHRELSLMKAFLKDSREKRSEYEYVRELVSQITIVAYEAEDIIDTFVTNAAMQKARSTVRRAFHVFDHSSKLRNVAKEIESIKVKVKEIYDKKMFGIQSLHGGESSHRSPPQKRVPMVEEENVVGFDDEARKISSRLTNGSEELEIISIVGMGGLGKTTLAKKVYTDSSIEFHFYNRAWIYVSQLYSRKEVFLGILDSLSLITDEMYKMNDEKLAGELFSHLRSKRYLVVIDDVWTMEAWDDLQMAFPKTATGSRILLTTRNTEVALHANPEGLPHHLRFLTHEESWELLSKKVFRKGICPLELEDIGLQIAKKCYGLPLAIVVVSGLLLKKEKTRDWWKKIANDVSSYVARDPKQCMDVLALSYKHLPDHLKVCFIYFGVFPEDFEIPVWKLLRLWTSEGFVQKMGQECLEDTAEEYLEDLVDRNLVLVAKKRASGRIKTCRIHDMLRDLSVKMGSEEKFLEVF,CC-NLR,CNL,Solanum lycopersicum,-,-,-,Helper,1,0.55,0.59,0.75,1,0.57,0.6,0.75
NbNRCX,NbS00030243g0001.1,872,MADTAVDFVIDNLKQLLRDNTYLIAAIVDEVNPLLAELQNLHAFLKQATKSRSRNEILKHLVKELSIAVNEAEVSIDKFVIEAKLHHNKGIKKMFDFGHVMKARQCAIEIKSTKEKLKEIRRENAYHIQFDDHQSVKDQELIRKVPLPEEDDVVGFDEEATEIINRLCKGSDEIEIIPIVGMPGLGKTTLANKIFKDARVQYEFVSQIWVYVAQSYNRREVFLNIISKFTRNVKQFEYEAEEDLATAIREFLGKGGRYLIVLDDIWTLEALNELKIAFPNNHKGNKIMLTTRNSSLAYRCNNYPHKLKFLTESECWLLLKKKVFRKDKCPLEFEELGRGIAKKCMGLPLATVVIAGSLIGRCTERDWHQVHQSVGEHIIYRDYSIPKKLVQMSYDSLPFNLKVCFLYLGAFPRGSEIPVWKLVRLWIAEGFIPEQRPFTLESVAEEYLNELINKNLLMVMQRASNGQTKTCRVHDMLHEFCRLEASEENIFQEIKLGVEQSFPRNQELATYRRLCIDSSVVEFISRKPYGEGIRSLLCFSSGKITKPAPDTGTIPKAFPLLRVLDVESILFSKFQKQFFQLYLLRYIALSSASLAFIPKYIEDLWNLQTFIISTQQTTLHIQADICKMQQLRHFHTNIPAKLCRSAAIETNKPTSVHGTLQTLSIIEPESCTEYVFARCQNLKKLAIRGKIEVLLQANRVGPFLNDQNLKCLEKLKLVNDLSAGGKLHLPSENIFPNSLKKLTLFGTGLDWNEIGRLGKLEVLEVLKLKENAFTGELWESTVGTFPSLKVLLIERSDLVSWKASSEQFPRLVRLVLRSLHKLEEVPIELAKIRNLQAMELENTTRNAAESAREIKSCSVCTGFKLSIFPPDL,MADTAVDFVIDNLKQLLRDNTYLIAAIVDEVNPLLAELQNLHAFLKQATKSRSRNEILKHLVKELSIAVNEAEVSIDKFVIEAKLHHNKGIKKMFDFGHVMKARQCAIEIKSTKEKLKEIRRENAYHIQFDDHQSVKDQELIRKVPLPEEDDVVGFDEEATEIINRLCKGSDEIEIIPIVGMPGLGKTTLANKIFKDARVQYEFVSQIWVYVAQSYNRREVFLNIISKFTRNVKQFEYEAEEDLATAIREFLGKGGRYLIVLDDIWTLEALNELKIAFPNNHKGNKIMLTTRNSSLAYRCNNYPHKLKFLTESECWLLLKKKVFRKDKCPLEFEELGRGIAKKCMGLPLATVVIAGSLIGRCTERDWHQVHQSVGEHIIYRDYSIPKKLVQMSYDSLPFNLKVCFLYLGAFPRGSEIPVWKLVRLWIAEGFIPEQRPFTLESVAEEYLNELINKNLLMVMQRASNGQTKTCRVHDMLHEFCRLEASEENIFQE,CC-NLR,CNL,Nicotiana benthamiana,-,-,-,Helper,1,0.52,0.56,0.71,1,0.54,0.58,0.71
NbNRC3,QER78240,888,MADVAADVAVKFLVENLMQLLIDNADLIIGIKGEVENLLQDLNDFNAFLKQAAKSRRDNEVLKSLVKKIRKVVNDAEDSIDKFVIEAKRHDDKNKFAQWFHLTHVARAKGVADEIKTIRERVKEIRQNDAYGLQAITSYDNFNQGAQERKVPVVEEDDVVGFDDEAKTVIDRLIGGSDYVVPVVGMPGLGKTTLAYKIFKDSTVEYEFFNRIWVYVSQSFNRREIFLNIISKFTRNTKQYHDTPEEELANEIKELLGKGGKYLVVLDDVWTREAWDRIKIAFPNNNKRNRVLMTTRQNNVAKSCNDKPHDLKFLTENESWELLEKRVFHKEKCPFELELPGKSIAKKCRGLPLAIVVIAGALIGKGKTTREWELVADSVGEHLINRDPENCKKLVQMSYDRLPYDLKACFLYCGAFPGGSEISAQKLICLWIAEGFIQYQGPLTLEDIAEDHLNDLVNRNLVMVMKRSSSGQIKTCRVHDMLHEFCRHEAMMEENLFQEIKRGQEHSFPEKQELASYRRLCIHSSVSEFLSTKPFAEHVRSFLCFASKKFEMPLGEIPAIPRAFPLLRVLDAESIKFSRFSREFFKLFHLRYIAFSTDSIMTIPTNIGNLWNVQTLIIETQQGTLDIKADIWNMTRLRHVCINASATLPSPKRPKSSKDNLVNRCLQTLSTIAPECCTAEVFTRTPNLKKLGVRGKIDALLETSKDGSSSGLFSNIGKLDCLEKLKLVNDTRQSRKQLHLPPAYIFPQKLKKLTLIDTWFEWKDMSILGLLEYLEVLKLKENAFRGQSWEPEDSGFPRLQVLWIERTDLSSWKASSGNFPRLKCLVLIACDNLKELPAELADVENLQLMELQSTSVSAAKSARAILKKKQQKVGSGFKLSVFPPDLGL,MADVAADVAVKFLVENLMQLLIDNADLIIGIKGEVENLLQDLNDFNAFLKQAAKSRRDNEVLKSLVKKIRKVVNDAEDSIDKFVIEAKRHDDKNKFAQWFHLTHVARAKGVADEIKTIRERVKEIRQNDAYGLQAITSYDNFNQGAQERKVPVVEEDDVVGFDDEAKTVIDRLIGGSDYVVPVVGMPGLGKTTLAYKIFKDSTVEYEFFNRIWVYVSQSFNRREIFLNIISKFTRNTKQYHDTPEEELANEIKELLGKGGKYLVVLDDVWTREAWDRIKIAFPNNNKRNRVLMTTRQNNVAKSCNDKPHDLKFLTENESWELLEKRVFHKEKCPFELELPGKSIAKKCRGLPLAIVVIAGALIGKGKTTREWELVADSVGEHLINRDPENCKKLVQMSYDRLPYDLKACFLYCGAFPGGSEISAQKLICLWIAEGFIQYQGPLTLEDIAEDHLNDLVNRNLVMVMKRSSSGQIKTCRVHDMLHEFCRHEAMMEENLFQ,CC-NLR,CNL,Nicotiana benthamiana,-,-,-,Helper,1,0.64,0.67,0.72,1,0.75,0.76,0.78
NbNRC2a,ALQ52761,886,MANVAVEFLVQNLMQLLRDNAELIVGVKDSAESLLQDLNDFNAFLKQTAKSRTENDVHKELVKKIKTVVNSAEDAIDKFVIEAKLHKDKGVGRFVDVKHYKRVYDVAGEIKTIRDKVKEIRLNNALDLQALQDEDQSAKGVQERKPPVVEEDDVVGFEEEADKVINRLLGGSSGLEVVPVVGMPGLGKTTLANKIYKHPDIGYQFFTRIWVYVSQSYRRRELFLNIISKFTRNTKQYHDMCEEDLADEIEDFLGKGGKYLIVLDDVWSPDAWERIRIAFPNNNKSNRILLTTRDSKVAKQCKQCIGIPHDLKFLTEDESWILLEKKVFHKDKCPPELELSGKSIAKKCNGLPLAIVVIAGALIGKGKTSREWKQVDESVGEHLINKDQPENCNKLVQLSYDRLSYDLKACFLYCGAFPGGFEIPAWKLIRLWIAEGFIQYKGHLSLECKAEDNLNDLINRNLVMVMQRTSDGQIKTCRLHDMLHEFCRQEAMKEENLFQEIKLGAEQYFPGKRELATYRRLCIHSSVLEFISTKPSGEHVRSFLSFSLKKIEMPSVDIPTIPKGFPLLRVFDVESINFSRFSKEFFQLYHLRYIAFSSDTIKIIPKHIGELWNIQTLIINTQQRSLDIQANIWNMERLRHLHTNSSAKLPVPVTPRSSKVPLVNQSLQTLSTIAPESCTEEVFARTPNLKKLGIRGKIAVLLEPNKSLLKNVKKLESLENLKLINDSSQTGKGLRLPPSYIFPTKLRKLSLVDTWLEWNDMSILGQMEHLEVLKLKENGFMGECWESVGGFCSLLVLWIERTDLVSWKASADHFPRLKHLVLICCDKLKEIPIGLADIRSFQVMELQNSTKTAAISARGIRDKKDKQTQEGTNNNGFKLSIFPPDL,MANVAVEFLVQNLMQLLRDNAELIVGVKDSAESLLQDLNDFNAFLKQTAKSRTENDVHKELVKKIKTVVNSAEDAIDKFVIEAKLHKDKGVGRFVDVKHYKRVYDVAGEIKTIRDKVKEIRLNNALDLQALQDEDQSAKGVQERKPPVVEEDDVVGFEEEADKVINRLLGGSSGLEVVPVVGMPGLGKTTLANKIYKHPDIGYQFFTRIWVYVSQSYRRRELFLNIISKFTRNTKQYHDMCEEDLADEIEDFLGKGGKYLIVLDDVWSPDAWERIRIAFPNNNKSNRILLTTRDSKVAKQCKQCIGIPHDLKFLTEDESWILLEKKVFHKDKCPPELELSGKSIAKKCNGLPLAIVVIAGALIGKGKTSREWKQVDESVGEHLINKDQPENCNKLVQLSYDRLSYDLKACFLYCGAFPGGFEIPAWKLIRLWIAEGFIQYKGHLSLECKAEDNLNDLINRNLVMVMQRTSDGQIKTCRLHDMLHEFCRQEAMKEENLF,CC-NLR,CNL,Nicotiana benthamiana,-,-,-,Helper,1,0.66,0.69,0.79,1,0.71,0.73,0.78
SlNRC1,NP_001234202,888,MVDVGVEFLLENLKQLVLDNVELIGGAKDEIENLRDDLSEFNAFLKQAAMVRSENPVLKELVRSIRKVVNRAEDAVDKFVIEAKVHKDKGFKGVFDKPGHYRRVRDAAVEIKGIRDKMREIRQNKAHGLQALLQDHDDSISRGGEERQPPVVEEDDVVGFDDEAQTVIDRLLEGSGDLEVIPVVGMPGLGKTTLATKIFKHPKIEYEFFTRLWLYVSQSYKTRELYLNIISKFTGNTKHCRDMSEKDLALKVQEILEEGGKYLIVLDDVWSTDAWDRIKIAFPKNDKGNRVLLTTRDHRVARYCNRSPHDLKFLTDEESWILLEKRAFHKAKCLPELETNGKSIARKCKGLPLAIVVIAGALIGKSKTIKEWEQVDQSVGEHFINRDQPNSCDKLVRMSYDVLPYDWKACFLYFGTFPRGYLIPARKLIRLWIAEGFIQYRGDLSPECKAEEYLNELVNRNLVMVMQRTVDGQIKTCRVHDMLYEFCWQEATTEENLFHEVKFGGEQSVREVSTHRRLCIHSSVVEFISKKPSGEHVRSFLCFSPEKIDTPPTVSANISKAFPLLRVFDTESIKINRFCKEFFQLYHLRYIAFSFDSIKVIPKHVGELWNVQTLIVNTQQINLDIQADILNMPRLRHLLTNTSAKLPALANPKTSKTTLVNQSLQTLSTIAPESCTEYVLSRAPNLKKLGIRGKIAKLMEPSQSVLLNNVKRLQFLENLKLINVGQIDQTQLRLPPASIFPTKLRKLTLLDTWLEWDDMSVLKQLENLQVLKLKDNAFKGENWELNDGGFPFLQVLCIERANLVSWNASGDHFPRLKHLHISCDKLEKIPIGLADICSLQVMDLRNSTKSAAKSAREIQAKKNKLQPAKSQKFELSVFPPDSDVQTAS,MVDVGVEFLLENLKQLVLDNVELIGGAKDEIENLRDDLSEFNAFLKQAAMVRSENPVLKELVRSIRKVVNRAEDAVDKFVIEAKVHKDKGFKGVFDKPGHYRRVRDAAVEIKGIRDKMREIRQNKAHGLQALLQDHDDSISRGGEERQPPVVEEDDVVGFDDEAQTVIDRLLEGSGDLEVIPVVGMPGLGKTTLATKIFKHPKIEYEFFTRLWLYVSQSYKTRELYLNIISKFTGNTKHCRDMSEKDLALKVQEILEEGGKYLIVLDDVWSTDAWDRIKIAFPKNDKGNRVLLTTRDHRVARYCNRSPHDLKFLTDEESWILLEKRAFHKAKCLPELETNGKSIARKCKGLPLAIVVIAGALIGKSKTIKEWEQVDQSVGEHFINRDQPNSCDKLVRMSYDVLPYDWKACFLYFGTFPRGYLIPARKLIRLWIAEGFIQYRGDLSPECKAEEYLNELVNRNLVMVMQRTVDGQIKTCRVHDMLYEFCWQEATTEENLFH,CC-NLR,CNL,Solanum lycopersicum,-,-,-,Helper,1,0.64,0.66,0.74,1,0.67,0.69,0.77
CaNRC9,XP_016547658,888,MTEVAVNYLVEKLLELGRENVELITGVQDDVNNLVADLQILKAFLKDASKIDRDTQGWKQSLKEIRNVLYKAEDSVDKFLDEAKQHQDTHKAVKWIDIPYWSKVRNVAKEIQSIRNKVKDLQDKYKALLDAIQLDNLSSTTPQPRQLTLSDEDDVVGFEEEANTVIDRLINGSKSLESVPIVGMPGLGKSTLARKVYKDSRINFEFFSCIWVNVSRSYNKTEVLLSILKNFTKPLDNKSDEKITEEICSFLEKGGRCLIVLDDVWDGEVMNFIEKIFPKGDKGHRIMMTSRQNNVASAFNKNIHRLNLLSDDNSWLLLKKKVFRKESCSSDLEEPGFSIAKKCNGLPLAIVVIAGALLGKTKREWEFVNRNIGEHLINPDSEDSCSRFVRMSYDLLSYDEKACFLYCATFPRGFDIPTWKLIRLWISEGFIPFDKNLTPEEKAEEYLNDLTKKNLVMVMNWTADDQIKTCRIHDMLYEFCKKEASEDDLFQEITEEPSQCAGILRQLESDFCRRLCINSSILTYFLSSFSKKPPMELVRSFLCFTSEPTGKTDGHLKTIHKVFPLIKVLNLESVKFSFTNDFYRLVHLRYIAFSGDFKFLPERFGKFWNLETLIINTITPESTFEIKADIWNMLRLRHLHTNAPAKLPLPGAPTGRESCIQTLSTIAPQSCTKKIFSRARALRKLGIRGKVVADLLGSKAGGLGDLAELKRLENLKLINDGQYIGRVITLPNLVFIFPKTLRKLTFSGTSFEWSDMSKLGQLESLEVLKLKENAFKGEFWETELGGFSGLLVLWIERTDLKTWQASNRSFPCLKRIFLISCENLQQIPEELADIPELQEMKLENTNKVAVKAAREIESKRKKNKLESSIGFKLTVFPPDSDADPQPSH,MTEVAVNYLVEKLLELGRENVELITGVQDDVNNLVADLQILKAFLKDASKIDRDTQGWKQSLKEIRNVLYKAEDSVDKFLDEAKQHQDTHKAVKWIDIPYWSKVRNVAKEIQSIRNKVKDLQDKYKALLDAIQLDNLSSTTPQPRQLTLSDEDDVVGFEEEANTVIDRLINGSKSLESVPIVGMPGLGKSTLARKVYKDSRINFEFFSCIWVNVSRSYNKTEVLLSILKNFTKPLDNKSDEKITEEICSFLEKGGRCLIVLDDVWDGEVMNFIEKIFPKGDKGHRIMMTSRQNNVASAFNKNIHRLNLLSDDNSWLLLKKKVFRKESCSSDLEEPGFSIAKKCNGLPLAIVVIAGALLGKTKREWEFVNRNIGEHLINPDSEDSCSRFVRMSYDLLSYDEKACFLYCATFPRGFDIPTWKLIRLWISEGFIPFDKNLTPEEKAEEYLNDLTKKNLVMVMNWTADDQIKTCRIHDMLYEFCKKEASEDDLFQEITEEPSQ,CC-NLR,CNL,Capsicum annuum,-,-,-,Helper,1,0.53,0.56,0.7,1,0.68,0.7,0.74
CaNRC8,XP_016566298,915,MADVALQFAVEILVPIIKETWKYIDSGKEDSANELLGELNRLKAFLQDAAKYRQSNSEQWKNFVKEVQVMVYEAEGLIDKLMVEMKLHQKKNKFEQIVDIKYHKTLKDLVEDIKAILGKVKNIREANLQAFQAKPILDYQPEIVAPGTQDTLLEENKVVGFDEEAKVVIKRLVKGTKDLDVIPVVGLPGLGKTTLAIKISKDPQVSYDFFLTIWVNVGPQSKLKGVFLSILKAFKKQTTEYQDMDVKELPKIICEFIDKGGKCLIVLDDVWTTDVVDAVMNVFPEKSKGHRIMITTRDGRIGRYANANPHMLKFLKMEESFQLLVNRVFGSNIRRCPVELIEHGESIAKQCFGVPLAVVVIAGALRGRTSKSDWKMVEDNVKHLINKDDDPKSCLKFVEMSYVYLPEEMKACFLYCGAFPQGFEIPAWKLIRLWISEGLINSNLTGSPEDIAEYYLNDLINRNLVIVVQKRANGQVKTCRIHDMLHQFCKIEANNEGLFHEVCEKTDQAGLSIPDLDSSRRLCIPLSLLKAFISTEPSAEHVRSFLCFSTKQKESEKLSNIQQLHKAFPLVRVLDVESLEFSFSKYFRELYHLRYISISVESSVLPMFFGKFWNLQTLIIYTKASTIEIKAEIWNMLRLRHVHTNVPAKLPSSTTHTVDESSRIQTLSKVAPESCREDVLARACNLRKLTIQGKMADFLEINMGGFNNFQKLKCLEQLKLLNDNVDRSMSGVLHLPPAFPKFLCKLKKLTLSNTRFAWSEASRLGQLECLEVLKLKENAFSGTIWDSEIGGFNQLKVLWIERADLKAWKVANLQFQRLQCLVVKSCDELEAVPIELADVRTLQEMTLEHTKKAIKSVNAIKCRKQEMHREHMQKAAESKSGTEIEGKKKVSEDMESFKFELTIFPPETADCNPKH,MADVALQFAVEILVPIIKETWKYIDSGKEDSANELLGELNRLKAFLQDAAKYRQSNSEQWKNFVKEVQVMVYEAEGLIDKLMVEMKLHQKKNKFEQIVDIKYHKTLKDLVEDIKAILGKVKNIREANLQAFQAKPILDYQPEIVAPGTQDTLLEENKVVGFDEEAKVVIKRLVKGTKDLDVIPVVGLPGLGKTTLAIKISKDPQVSYDFFLTIWVNVGPQSKLKGVFLSILKAFKKQTTEYQDMDVKELPKIICEFIDKGGKCLIVLDDVWTTDVVDAVMNVFPEKSKGHRIMITTRDGRIGRYANANPHMLKFLKMEESFQLLVNRVFGSNIRRCPVELIEHGESIAKQCFGVPLAVVVIAGALRGRTSKSDWKMVEDNVKHLINKDDDPKSCLKFVEMSYVYLPEEMKACFLYCGAFPQGFEIPAWKLIRLWISEGLINSNLTGSPEDIAEYYLNDLINRNLVIVVQKRANGQVKTCRIHDMLHQFCKIEANNEGLFHEVCEKTDQAGLSIPDLD,CC-NLR,CNL,Capsicum annuum,-,-,-,Helper,1,0.56,0.6,0.71,1,0.68,0.7,0.74
SlNRC6,XP_004237189,890,MDPFTAAALTTAVTATVSLLVENLSHLISYNWKLYTGLKKSCEDLYDEVKRLNAFLVDNANQRSNSTQWDVLVDKIRRTVYKAEDVVDKLLIQGKLDQESNIAKKMFHKTYKNRNFTEEINEILVEVRKILEENQHLFEANPTIDHHQPEKVVQEEQGSSLENHEVVGFDEEATKVINRLVEGAECLDVIPVVGMPGLGKTTLARKIFNDPKISREFFSYIWVFIGQSTCVKRDILFNILKGFTNSFDEFKNRNEASITDEIRKRVANGGKCLIVLDDVWDPNVVDIVKTVFPDNKKAHRIMMTTRHEDIARSVNKYPHNLKFLDGDESFQLLEKRAFGVSRCPVELVEHGEAIVAKCSGVPLTIVVIAGALRGRTSEIDWKVVRENVGKHLIQEDKLQRCVNVVRLSYNHLPQEKKSCFLYFGAFPQGFDIPAWKLIRLWIAEGLIMSKLSGNEIEEIAEYYLNDFANRNLVMVMKKKSNDRIKTCRVHDMLHEFCVEEATRLTLFKQVCLTSDQDIQNSITCRRVSIQSSVPQNFISKKTVEEHVRSLLCFSSKQKQVDFSNIDVKLIPTAFPLMRVLDIESVKFSITREFYQLLHLRYIAISGDFEQLPKLFTSFCNAQTLILNTSKPTLDIKADIWNMPRLRHLRTNKPAILPPPTSSSSSSSTNSCFLQTLSLVTPESCKGNVLSKARNVKKMSVKGNLTPFLETSKGEFFSNFQVLKLLESLTLLNDDKSNKSLHLPSAFSECLPNLKKLTLSKTRFDWNQAYRLGQVKNLQVLKMKENAFMGPSWRMEPGGFKKLQVLWIEMADFVSWEASNCPFPRLRSLFLISCLNLEAVPLDLAHLDNLQEMTLENTSKASKSAREIECEKKKKQADHPESGKFKLTIPY,MDPFTAAALTTAVTATVSLLVENLSHLISYNWKLYTGLKKSCEDLYDEVKRLNAFLVDNANQRSNSTQWDVLVDKIRRTVYKAEDVVDKLLIQGKLDQESNIAKKMFHKTYKNRNFTEEINEILVEVRKILEENQHLFEANPTIDHHQPEKVVQEEQGSSLENHEVVGFDEEATKVINRLVEGAECLDVIPVVGMPGLGKTTLARKIFNDPKISREFFSYIWVFIGQSTCVKRDILFNILKGFTNSFDEFKNRNEASITDEIRKRVANGGKCLIVLDDVWDPNVVDIVKTVFPDNKKAHRIMMTTRHEDIARSVNKYPHNLKFLDGDESFQLLEKRAFGVSRCPVELVEHGEAIVAKCSGVPLTIVVIAGALRGRTSEIDWKVVRENVGKHLIQEDKLQRCVNVVRLSYNHLPQEKKSCFLYFGAFPQGFDIPAWKLIRLWIAEGLIMSKLSGNEIEEIAEYYLNDFANRNLVMVMKKKSNDRIKTCRVHDMLHEFCVEEATRLTLF,CC-NLR,CNL,Solanum lycopersicum,-,-,-,Helper,1,0.46,0.5,0.64,1,0.69,0.71,0.73
NbNRC7a,NbS00004466g0001.1,904,MDRAVAMLAPAVTTVAKAAFDVLRPVVTKAGNNLQENLTNVLEQNLDLINDAKGDFLSLLDEAQGLNALLAADYAELNMNSHPTKWDKLPRKILRTIYRAEDSIDKFLAQAKIHQDSTLKRFLQVDKVNRFTKLPEIQNILKELREIRQQTQQAIEEIRQQTGQQSKYISTAQDSALEEHKVIGFDKSAEEVRERLLKGSSSKNLEVASIVGMPGLGKTTLARKIYNDPGIGREYYKRVWVYVGVSYIEKDVLLNIHEGLGLKSSGVQDKNEKQLAEIIHDFVIKGGRCLIVLDDVWEAKAVDFVMTAFPCNEGYHRILMTTREMQVATPVSTYLHKLKFLEKQEAFELLENRVFGIRKKFPVEFVGYGNEILESCSGVPLAIVVIAGVLKSCSYRIEWETVAKNVGQLLVTENDPDSCKKFVEVSYNHLPLDKRAPFLYISVFPRGFDIPAWKLIRLWIAEGLIKYSFPNSEIEVNAEYCLNDIANRNLVIVTQKSSDNGQVKTFRVHDMVHEFCNEEAKQTCIFQNIHPATPTLSTPSIRDSVTSRRLSIKSSIPHNFIPKDEELEHVRSFLCYSPKGIDVSNVEIKLLPKAFPLIRVCDIQPFIFEFPKEFYKLFHMRYLAVSGEFQFISPLFGNFWNLQTLLLHTNQSTLSIPKDLWKMLQLRHLHTNKPVTLQQPPTPITKSSCLQTLSKIAPESCTTHVLKKACNLKKLGIEGKLETLCRFECFVELKCLERLKMLNGVVSPNIQLPQSFSTYLQTLKKLTLSCSKIDWSNANELGKLESLEVLKLKDNACIGDTWTPEKGSFKLLQVLWIQITDLKTWDTLNCGFGHLRRLVLISCRELLAVPCELANSPHLTEIRLKNTQKAVNSAKEIKEKKIKMQAPGNIEFNLVIEDSQADAK,MDRAVAMLAPAVTTVAKAAFDVLRPVVTKAGNNLQENLTNVLEQNLDLINDAKGDFLSLLDEAQGLNALLAADYAELNMNSHPTKWDKLPRKILRTIYRAEDSIDKFLAQAKIHQDSTLKRFLQVDKVNRFTKLPEIQNILKELREIRQQTQQAIEEIRQQTGQQSKYISTAQDSALEEHKVIGFDKSAEEVRERLLKGSSSKNLEVASIVGMPGLGKTTLARKIYNDPGIGREYYKRVWVYVGVSYIEKDVLLNIHEGLGLKSSGVQDKNEKQLAEIIHDFVIKGGRCLIVLDDVWEAKAVDFVMTAFPCNEGYHRILMTTREMQVATPVSTYLHKLKFLEKQEAFELLENRVFGIRKKFPVEFVGYGNEILESCSGVPLAIVVIAGVLKSCSYRIEWETVAKNVGQLLVTENDPDSCKKFVEVSYNHLPLDKRAPFLYISVFPRGFDIPAWKLIRLWIAEGLIKYSFPNSEIEVNAEYCLNDIANRNLVIVTQKSSDNGQVKTFRVHDMVHEFCNEEAKQT,CC-NLR,CNL,Nicotiana benthamiana,-,-,-,Helper,1,0.34,0.39,0.58,1,0.4,0.44,0.61
SlNRC5,XP_010319429,849,MADVVMNLLVESLFQVISDKIEAIGGAKDELKNLLQDINTLKAFLKDNDEQAESNSNLWKIFVKNIRTQAYKADDVIDKFVLETKLDEEKSIWEWLFDFCSHMKRVENLANSIKDIRDSVRTIRQENPQIFQPNRTINLPTTLAREPQDTFLEVKNMVGLTEEANEVMKRLQIVGGTEEVECIAIVGMTGLGKTTLARKLWSDSQITDKFCKNIWVSVGQSNDLKNMLFVILKSSTVPNEEFRCNGENELAKLIAKFVTEQDMRCLVVLDNVCGSGLVNFFKNVLPENNKGHRILMTTRRRDVAASCASKEPYHLKFLDGEDSFRLLEKIVFDNGIRHRKDELVEVGKSIASKCGGLPLAIEVIAGALKKVDQSAYYWKRVENNFWQCVVRENDTSSCWKIVEASYGSLSSEMKACFLYCLAFPKGYDIPFQMLISLWMAEGLIESNPINFSSPKDKAEDHLMEFENLNLVTVSREITGSIKKIKCNEIFYDFYRMEVTKESVFQQLGQTHDLPSINDPDISRRLHIESSHLSDFISQNPSAEHVRSFLCFPSDDRVANVDIQLIPKAFPLLRVLKIESINIPSLKNLDQLFHLRYISISGNFTELPAFFTKFWSLQSIIINTSHPTLDVKANIWNMSKLTHLKTNKPSKLPLPSTQKGKRSSCPLQTLSKISPQTCNKDVLGEASNSLKKLSIQGNIEDTLKTNSDRFSTFEGFQTFEKFECLENLKLISDVPCHSNAFQLPKVLFRFLLKLKKLTLSNTMFDWKEATKLGQLRCLEVLKLEKEAFTGSIWKPEENEFRKLHILSIHSDDLHTWVASKSHFPELRVLVLKCPQLESVPAELSQLLQQS,MADVVMNLLVESLFQVISDKIEAIGGAKDELKNLLQDINTLKAFLKDNDEQAESNSNLWKIFVKNIRTQAYKADDVIDKFVLETKLDEEKSIWEWLFDFCSHMKRVENLANSIKDIRDSVRTIRQENPQIFQPNRTINLPTTLAREPQDTFLEVKNMVGLTEEANEVMKRLQIVGGTEEVECIAIVGMTGLGKTTLARKLWSDSQITDKFCKNIWVSVGQSNDLKNMLFVILKSSTVPNEEFRCNGENELAKLIAKFVTEQDMRCLVVLDNVCGSGLVNFFKNVLPENNKGHRILMTTRRRDVAASCASKEPYHLKFLDGEDSFRLLEKIVFDNGIRHRKDELVEVGKSIASKCGGLPLAIEVIAGALKKVDQSAYYWKRVENNFWQCVVRENDTSSCWKIVEASYGSLSSEMKACFLYCLAFPKGYDIPFQMLISLWMAEGLIESNPINFSSPKDKAEDHLMEFENLNLVTVSREITGSIKKIKCNEIFYDFYRMEVT,CC-NLR,CNL,Solanum lycopersicum,-,-,-,Helper,1,0.59,0.62,0.67,1,0.68,0.7,0.7
NbNRC4c,QER78241,881,MADAVVNFLVENLLQLLTDNVKLIGSAKGELENLLKEVQHLKGFLDDAAKLPSDSEQWKVLVEEIQKTVHTAEDAVDKFVVQAKLHKEKNKMARILDVGHLATVRNLAAEVKGIHDQVKELRLNNQALQARPTLELPKKGSSETTQQGPALEDDEVVGFDEEANKVINRLVKESKDLDIIPVVGMPGLGKTTLARKIYKDPKLSYEFFGVHWVYVGQSYKIKDVFLNILKFFTRRTEDYQHEDVDALAKVIAGFINKGGRCLICLDDVWETKVIDYVKTIFPENEKGHRVMMTTRNKVLATYANSDPHDLKFLTPKESFELLVKRVFGKKPCPKDLVGHGESIAGKCGGVPLAVVVIAGALRGRPNTSDWIRVERNVVQHLYTNSEESCLKFVEMSYDHLPQEVQTCFLYCGVFPRGFDIPSWKVIRLWIAEGLIKPQESYTLEEIAEFYLNDLVNRNLVILQQKRSDGQIKTCRLHDMLHQFCKKEASNKWLFQEVSLTPDQAIPIEDPNKSRRLCIQPSNLKDFLSKKPSAEHVRSFYCFSSKEKQIRGLTPNDIKLIHKAFPLVRVLDVESLKFLFSKDFNQLFHLRYIAISGDFNAIPLTFGKFWNLQTLILNTSTSESTLDVKADIWNMLQLRHLHTNIPAKLQPPTATTSGKASCLQTLCMVAPESCEKEVLAKACHLKKLSIRGQMAAFLGAYKGGINNLVELKCLEQLKLLNDVLYMNKAPHLPQTFSQLVRTVKKLTLTNTRFAWSEADKLGQLESLEILKFKENAFAGDSWKPKMGFSALRVLWIERAEFETWEASEINFPVLRNLVLMSCDKLETVPFELANLSDLYEMRLENTSKAVKSAKAILESKTDKNIKFNLTIFPPEAGSKATQ,MADAVVNFLVENLLQLLTDNVKLIGSAKGELENLLKEVQHLKGFLDDAAKLPSDSEQWKVLVEEIQKTVHTAEDAVDKFVVQAKLHKEKNKMARILDVGHLATVRNLAAEVKGIHDQVKELRLNNQALQARPTLELPKKGSSETTQQGPALEDDEVVGFDEEANKVINRLVKESKDLDIIPVVGMPGLGKTTLARKIYKDPKLSYEFFGVHWVYVGQSYKIKDVFLNILKFFTRRTEDYQHEDVDALAKVIAGFINKGGRCLICLDDVWETKVIDYVKTIFPENEKGHRVMMTTRNKVLATYANSDPHDLKFLTPKESFELLVKRVFGKKPCPKDLVGHGESIAGKCGGVPLAVVVIAGALRGRPNTSDWIRVERNVVQHLYTNSEESCLKFVEMSYDHLPQEVQTCFLYCGVFPRGFDIPSWKVIRLWIAEGLIKPQESYTLEEIAEFYLNDLVNRNLVILQQKRSDGQIKTCRLHDMLHQFCKKEASNKWLF,CC-NLR,CNL,Nicotiana benthamiana,-,-,-,Helper,1,0.52,0.55,0.74,11,0.65,0.67,0.75
