Gene,Gene PMID,Gene ID,Length (AA),Sequence,Modeled sequence,Class,Domain,Host species,Pathogen,Avr,Avr ID,Avr PMID,Notes,AF3 model,Pentamer seed,Pentamer ipTM,Pentamer pTM,Pentamer Chain pTM,Hexamer seed,Hexamer  ipTM,Hexamer pTM,Hexamer Chain pTM
Rpi-blb1,14675451//12872003,AAR29069,970,MAEAFIQVLLDNLTSFLKGELVLLFGFQDEFQRLSSMFSTIQAVLEDAQEKQLNNKPLENWLQKLNAATYEVDDILDEYKTKATRFSQSEYGRYHPKVIPFRHKVGKRMDQVMKKLKAIAEERKNFHLHEKIVERQAVRRETGSVLTEPQVYGRDKEKDEIVKILINNVSDAQHLSVLPILGMGGLGKTTLAQMVFNDQRVTEHFHSKIWICVSEDFDEKRLIKAIVESIEGRPLLGEMDLAPLQKKLQELLNGKRYLLVLDDVWNEDQQKWANLRAVLKVGASGASVLTTTRLEKVGSIMGTLQPYELSNLSQEDCWLLFMQRAFGHQEEINPNLVAIGKEIVKKSGGVPLAAKTLGGILCFKREERAWEHVRDSPIWNLPQDESSILPALRLSYHQLPLDLKQCFAYCAVFPKDAKMEKEKLISLWMAHGFLLSKGNMELEDVGDEVWKELYLRSFFQEIEVKDGKTYFKMHDLIHDLATSLFSANTSSSNIREINKHSYTHMMSIGFAEVVFFYTLPPLEKFISLRVLNLGDSTFNKLPSSIGDLVHLRYLNLYGSGMRSLPKQLCKLQNLQTLDLQYCTKLCCLPKETSKLGSLRNLLLDGSQSLTCMPPRIGSLTCLKTLGQFVVGRKKGYQLGELGNLNLYGSIKISHLERVKNDKDAKEANLSAKGNLHSLSMSWNNFGPHIYESEEVKVLEALKPHSNLTSLKIYGFRGIHLPEWMNHSVLKNIVSILISNFRNCSCLPPFGDLPCLESLELHWGSADVEYVEEVDIDVHSGFPTRIRFPSLRKLDIWDFGSLKGLLKKEGEEQFPVLEEMIIHECPFLTLSSNLRALTSLRICYNKVATSFPEEMFKNLANLKYLTISRCNNLKELPTSLASLNALKSLKIQLCCALESLPEEGLEGLSSLTELFVEHCNMLKCLPEGLQHLTTLTSLKIRGCPQLIKRCEKGIGEDWHKISHIPNVNIYI,MAEAFIQVLLDNLTSFLKGELVLLFGFQDEFQRLSSMFSTIQAVLEDAQEKQLNNKPLENWLQKLNAATYEVDDILDEYKTKATRFSQSEYGRYHPKVIPFRHKVGKRMDQVMKKLKAIAEERKNFHLHEKIVERQAVRRETGSVLTEPQVYGRDKEKDEIVKILINNVSDAQHLSVLPILGMGGLGKTTLAQMVFNDQRVTEHFHSKIWICVSEDFDEKRLIKAIVESIEGRPLLGEMDLAPLQKKLQELLNGKRYLLVLDDVWNEDQQKWANLRAVLKVGASGASVLTTTRLEKVGSIMGTLQPYELSNLSQEDCWLLFMQRAFGHQEEINPNLVAIGKEIVKKSGGVPLAAKTLGGILCFKREERAWEHVRDSPIWNLPQDESSILPALRLSYHQLPLDLKQCFAYCAVFPKDAKMEKEKLISLWMAHGFLLSKGNMELEDVGDEVWKELYLRSFFQEIEVKDGKTYFKMHDLIHDLATSLFSANTSSS,CC-NLR,CNL,Solanum bulbocastanum,Phytophthora infestans,Avrblb1,AKS48956,18682852,-,Yes,1,0.73,0.75,0.78,1,0.71,0.73,0.75
Rpm1,7638602,NP_187360,926,MASATVDFGIGRILSVLENETLLLSGVHGEIDKMKKELLIMKSFLEDTHKHGGNGSTTTTTQLFQTFVANTRDLAYQIEDILDEFGYHIHGYRSCAKIWRAFHFPRYMWARHSIAQKLGMVNVMIQSISDSMKRYYHSENYQAALLPPIDDGDAKWVNNISESSLFFSENSLVGIDAPKGKLIGRLLSPEPQRIVVAVVGMGGSGKTTLSANIFKSQSVRRHFESYAWVTISKSYVIEDVFRTMIKEFYKEADTQIPAELYSLGYRELVEKLVEYLQSKRYIVVLDDVWTTGLWREISIALPDGIYGSRVMMTTRDMNVASFPYGIGSTKHEIELLKEDEAWVLFSNKAFPASLEQCRTQNLEPIARKLVERCQGLPLAIASLGSMMSTKKFESEWKKVYSTLNWELNNNHELKIVRSIMFLSFNDLPYPLKRCFLYCSLFPVNYRMKRKRLIRMWMAQRFVEPIRGVKAEEVADSYLNELVYRNMLQVILWNPFGRPKAFKMHDVIWEIALSVSKLERFCDVYNDDSDGDDAAETMENYGSRHLCIQKEMTPDSIRATNLHSLLVCSSAKHKMELLPSLNLLRALDLEDSSISKLPDCLVTMFNLKYLNLSKTQVKELPKNFHKLVNLETLNTKHSKIEELPLGMWKLKKLRYLITFRRNEGHDSNWNYVLGTRVVPKIWQLKDLQVMDCFNAEDELIKNLGCMTQLTRISLVMVRREHGRDLCDSLNKIKRIRFLSLTSIDEEEPLEIDDLIATASIEKLFLAGKLERVPSWFNTLQNLTYLGLRGSQLQENAILSIQTLPRLVWLSFYNAYMGPRLRFAQGFQNLKILEIVQMKHLTEVVIEDGAMFELQKLYVRACRGLEYVPRGIENLINLQELHLIHVSNQLVERIRGEGSVDRSRVKHIPAIKHYFRTDNGSFYVSLSS,MASATVDFGIGRILSVLENETLLLSGVHGEIDKMKKELLIMKSFLEDTHKHGGNGSTTTTTQLFQTFVANTRDLAYQIEDILDEFGYHIHGYRSCAKIWRAFHFPRYMWARHSIAQKLGMVNVMIQSISDSMKRYYHSENYQAALLPPIDDGDAKWVNNISESSLFFSENSLVGIDAPKGKLIGRLLSPEPQRIVVAVVGMGGSGKTTLSANIFKSQSVRRHFESYAWVTISKSYVIEDVFRTMIKEFYKEADTQIPAELYSLGYRELVEKLVEYLQSKRYIVVLDDVWTTGLWREISIALPDGIYGSRVMMTTRDMNVASFPYGIGSTKHEIELLKEDEAWVLFSNKAFPASLEQCRTQNLEPIARKLVERCQGLPLAIASLGSMMSTKKFESEWKKVYSTLNWELNNNHELKIVRSIMFLSFNDLPYPLKRCFLYCSLFPVNYRMKRKRLIRMWMAQRFVEPIRGVKAEEVADSYLNELVYRNMLQVILWNPFGRPKAFKMHDVIWEIALSVSKLERFCDVYN,CC-NLR,CNL,Arabidopsis thaliana,Pseudomonas syringae,AvrB|AvrRpm1,AVRB_PSESG|AF359557_4,7638602,-,Yes,1,0.7,0.72,0.78,1,0.72,0.74,0.79
Pm2a,27795210,CZT14023,1277,MAASAALVFAGKSVATSAISFLVNKAFSYIDEYCKSENMDELKNRLLRAMPHIQAVFDVVNPELVREQSSGLDAWLWQLRDAVEAAEDAIDELEYYELEEKAKDQKVSEWGSPLGKMKHKFVRSFGPAINKTIKKISHRDTLKRLMKSVDDLDKAAVGVSDFLKLTDHLSGGSSTSSQQLMDNDRQTSSTSSATNFVGREKEKEQIIGWLANTSDELGETMVIKTNSIPIISVIGHGGMGKTALAQSICGQDEVVKHFKVIWTTISTSFDATSVTSKILEDATRVKPSSDHLEPLQRDLKEKLASINFLLVLDDVWEDKKRDEWEKLFAPLKELNTTGSKILLTTRMQSVADMAAKVMGVERDKFLTLQGLEDDKNLKLFGHHAFSGLNPRDDAYLMLIGEQIAKKLRGCPLVTKVVAEHLQSNITPEYWRKFLHQGLEHFKGTEKDIMKVLRLSYYHLPTELQICFRYCCLFPQDYIFEKKELVQMWIGSGLIASGIQSLEDTAEQFLAQLTRKSFFDKKPIWAQSEFYVMHDLMHELASNVSTGECARIVDPVQLQDEKYTVRHLCIANIHSFSADEVKKISHFKNLRTIIIDCMPPLENDTLCALQMIVETSKSLRLFHSAQLWNTSRFAVNFGNLKHLRYICVSSIPQDKICGVARLYHLMVLHHGSSGTKIDEARYLGNLERLRYVSYGVHGFGNFPISRLTSLQELHNYRVEERTCNQISAVGSLRDLRRLGLQGLENVKNWEEAKNAKLKEKQYLNSLFMEWSTPDQIMTDNLVLDHLEPHVNIRELQIGGYPGLKIPSWIENCSVRNLISLKLISCINWDYIPSLCQLVLLELLVLDNLPKLRQIGRSSDMSKSSSMELLLPQSLNTLEVSKCQKLRELPLLPPSLISLKIHDVWLTKFPIIGKVSSESIESKSSKLINVRVTNCPHLTSLEGSLLEQKLYMGTLRVLTIVDCKHLESASIPFEEMKQLKELAVMQCPKLRTMRDAKDKLVPSSLRELAIGGCGDLELPLLGSLQLLTNLSGLELQNCSSLLSLPSADVFKSFRSLQNIHVTRCENLSSLGGLGSLSSLQQLAISKCSKLTEAGSSLLSGSGDAEEHLVEPGNSLRISVLSLDLPSLLLHEPLKSLCHTEYLCINGCSETKSLPERWLLQNRSSLRHLGILKAESLESLPPSMQDLCSLKSLYLDGALLLRSLPYLPSSLKNLNITECHPDLEKKITKHGSSELNKIAHIPDVTIGGWHFLMGKKFSREAYHKLSDSDRNRFMSESSLH,,CC-NLR,CNL,Triticum aestivum,Blumeria graminis f. sp. tritici|Blumeria graminis f. sp. secalis|Blumeria graminis f. sp. triticale|Blumeria graminis f. sp. tritici|Blumeria graminis f. sp. tritici,AvrPm2|BgsE-5845|BgtriticaleE-5845|BgtE-5843|AvrPm2-H1|AvrPm2-H2,APO13050|||APO13052|QSI99326|QSI99325,27935041|27935041|27935041|33629439|33629439|33629439,-,Yes,1,0.71,0.73,0.74,1,0.7,0.72,0.71
Hrt1,10810142,AF234174_1,909,MAEAFVSFGLEKLWDLLSRESERLQGIDEQLDGLKRQLRSLQSLLKDADAKKHGSDRVRNFLEDVKDLVFDAEDIIESYVLNKLRGEEKGIKKHVRRLACFLTDRHKVASDIEGITKRISEVIGEMQSLGIQQQIIDGGRSLSLQERQRVQREIRQTYPDSSESDLVGVEQSVTELVCHLVENDVHQVVSIAGMGGIGKTTLARQVFHHDLVRRHFDGFAWVCVSQQFTQKHVWQRILQELQPHDGDILQMDESALQPKLFQLLETGRYLLVLDDVWKKEDWDRIKAVFPRKRGWKMLLTSRNEGVGIHADPTCLTFRASILNPEESWKLCERIVFPRRDETEVRLDEEMEAMGKEMVTHCGGLPLAVKVLGGLLANKHTVPEWKRVSDNIGSQIVGGSCLDDNSLNSVYRILSLSYEDLPTHLKHRFLFLAHFPEDSKITTQELFYYWAAEGIYDGSTIEDSGEYYLEELVRRNLVIADNKYLRVHSKYCQMHDMMREVCLSKAKEENFLQIIKDPTSISTINAQSPRRSRRLSIHRGKAFQILGHRNNAKVRSLIVSRFKEEDFWIRSASVFHNLTLLRVLDLSWVKFEGGKLPSSIGGLIHLRYLSLYEAKVSHLPSTMRNLKLLLYLDLSVHEEEPIHVPNVLKEMIELRHISLPLMDDKTKLELGDLVNLEYLFRFSTQHSSVTDLLRMTKLQYLGVSLSERCNFETLSSSLRELRNLESLNFLFTPETYMVDYMGEFVLDHFIHLKELGLAVRMSKIPDQHQFPPHLTHIHLLFCRMEEDPMPILEKLLHLKSVQLTDEAFVGSRMVCSKGGFPQLCALDISKESELEEWIVEEGSMPCLRTLTIHDCEKLKELPDGLKYITSLKELKIEGMKREWKEKLVPGGEDYYKVQHIPDVQFINCDQ,MAEAFVSFGLEKLWDLLSRESERLQGIDEQLDGLKRQLRSLQSLLKDADAKKHGSDRVRNFLEDVKDLVFDAEDIIESYVLNKLRGEEKGIKKHVRRLACFLTDRHKVASDIEGITKRISEVIGEMQSLGIQQQIIDGGRSLSLQERQRVQREIRQTYPDSSESDLVGVEQSVTELVCHLVENDVHQVVSIAGMGGIGKTTLARQVFHHDLVRRHFDGFAWVCVSQQFTQKHVWQRILQELQPHDGDILQMDESALQPKLFQLLETGRYLLVLDDVWKKEDWDRIKAVFPRKRGWKMLLTSRNEGVGIHADPTCLTFRASILNPEESWKLCERIVFPRRDETEVRLDEEMEAMGKEMVTHCGGLPLAVKVLGGLLANKHTVPEWKRVSDNIGSQIVGGSCLDDNSLNSVYRILSLSYEDLPTHLKHRFLFLAHFPEDSKITTQELFYYWAAEGIYDGSTIEDSGEYYLEELVRRNLVIADNKYLRVHSKYCQMHDMMREVCLSKAKEENFLQ,CC-NLR,CNL,Arabidopsis thaliana,Turnip crinkle virus (TCV),Coat protein,MULTISPECIES,10810142,-,Yes,1,0.62,0.64,0.71,1,0.7,0.72,0.73
Rz2,28585529,AYH98779,1163,MDVVGTALSAAQSLFAALQSSELKEILSIFGYKSRLDDLQRTVSTINAVFRDAETKQELTHEAQHWLEELKDAVFEADDLFDEFVTLAEQKQLVEAGGSLSKKMRQFFSDSNPLGIAYRMSRGVKKIKKKLDAIAYNHQFSFKIDLEPMKERRLETGSVVNAGDIIGREDDLEKIVGLLLDSNIQRDVSFLTIVGMGGLGKTALAQLVYNDPRVRTAFPLRCWNCVSDQDQKQLDVKEILGKILATATGKNHEGSTMDQVQTQLREQLCGKRYLLVLDDVWNENPNQLRDLVEFFMGGRSRNWIVVTTRSHETARIIRDGPLHKLQGLSEENSWRLFVRWTFGSVQAKFPNDFIMIARDIVDKCARNPLAIRVVGSLLCGQDKSKWLSFHEIDLGNIRKSHNDIMPILNLSYHHLEPPIKRCFSYCAVFPKDFLIGKQTLINLWMAQGYIVPLDKDQSIDDASEEYISILLRRCFFENVGAEKDGVIKIHDLMHDIAQNVMGKELCTTKNISGSLDKSVRHLSLARTSFARYSFNATHIRSYFCAGYWCQDAEINQFSVEALVPNCLYLRAMDLAWSKIKSLPDSIGGLLHLRYLDLSYNEDLEVLPNSIAKLYNLQTLQLKGCKRLEGLPKHLSRLVKLQTLDIHGCNNVTYMPKGMGKLTCLHTLSKFIVGGEGSCSSWKQCFDGLEDLKALNNLKGHLEIQIRWPKNTTDAVKEDVTREGLYLNHKEHLNHIVVDFRCEEGGGRMDDEEARRLMEELRPHPYLENLAVKAYYGVKMPGWATLLPNLTELFLSDCGELENLPCLGNLDHLKVLRLSHLAKLEYIEEDSSSANFRCRPGPESAGLSLYFPSLERLELKRLCKLKGWRRGEGLGDDHQPFNESSSNTQVQLQLCLPQLKSLRIERCPLLTFMPLCPKTEKLHLVVFNERLRIVHAKRDENFYAPLHSSSSDPENPRNTIPIPMFREVYINNVAWLNSLPMEAFRCLTHMTIKNDEVESLGEVGEVFRSCSSSLRSLNITGCSNLRSVSGGLEHLTALEMLEIYDTHKLSLSEDPEGVVPWKSLHHSLSYLQLMNLPQLVNLPDSMQFLAALRTLSIVHCTKLQSVPDWMPRLTSLRKLMVSFCSAHLERRCQNPTGVDWPNIQHIPSIDVTSSLPKFLVLPYE,MDVVGTALSAAQSLFAALQSSELKEILSIFGYKSRLDDLQRTVSTINAVFRDAETKQELTHEAQHWLEELKDAVFEADDLFDEFVTLAEQKQLVEAGGSLSKKMRQFFSDSNPLGIAYRMSRGVKKIKKKLDAIAYNHQFSFKIDLEPMKERRLETGSVVNAGDIIGREDDLEKIVGLLLDSNIQRDVSFLTIVGMGGLGKTALAQLVYNDPRVRTAFPLRCWNCVSDQDQKQLDVKEILGKILATATGKNHEGSTMDQVQTQLREQLCGKRYLLVLDDVWNENPNQLRDLVEFFMGGRSRNWIVVTTRSHETARIIRDGPLHKLQGLSEENSWRLFVRWTFGSVQAKFPNDFIMIARDIVDKCARNPLAIRVVGSLLCGQDKSKWLSFHEIDLGNIRKSHNDIMPILNLSYHHLEPPIKRCFSYCAVFPKDFLIGKQTLINLWMAQGYIVPLDKDQSIDDASEEYISILLRRCFFENVGAEKDGVIKIHDLMHDIAQNVMGKELCT,CC-NLR,CNL,Beta vulgaris subsp. maritima,Beet necrotic yellow vein virus (BNYVV) ,TGB,MULTISPECIES,33951264,-,Yes,1,0.62,0.65,0.74,1,0.6,0.62,0.71
Ptr1,32391580,Solyd04g059470,823,MAESFLFNIIERVLAKVSSIAVYEISLAWNVKTELRKLQSTLSTIKAVLLDANEQKAKNHEVRDWLEKLRDVVYDVDDLMDDLSTQLLLQMHFQKSFRKKVRRFFSSSNPIIYRFKIGRKVKEIRELLNEIADDRRNFHFTEHTYVIPAENTSREQTHSFVRASDIIGRDDDQENIVKQLIDSHDEENISVIPIVGLGGLGKTTLVKLVYNNNRVVQNFDLRMWVSISEDFSLSKVIEKILRSATGESFDHLDMDQLQCCLGEVLQQKRYLLVLDDVWNEDQHKWTDLRELLMNCSRGSKIVVTTRSKMVALITGTVPPYYLGGLANDDCLSLFLKCAFGGQDNLFPNLVEIGKEIVKKCGGVPLAVKTLGRLLYMKTDENEWLQIRDNEIWEIEQNKSDILPILRLSYEQMPSHLRQCFAYCSMLPKGQEIPREDFINRWIAQGFIQSSNRNRKLEDIGNQYFDELLSRFCFLDVVQAFDGEILACKIHNLVHDLAQSVSGAECLNVKPNAFVVSERVRHLFFHAEDMSRKHFPRFLLPLQKLRSFSYSFNIGPVNKFFVKTMLSNFKCLRMLVLNNLDLEELPTSIGHLKELRYLNLSDSGKIKFLPRSMSKLVNLHTLNLINCEQLKELPRDFRKLISLKTLYLTTHQMSAGIKNQHSFTSLQFLLLFKCCFPKLQPELVQHFTALRVLRIYECPSLCSLPSSIRYLTSLEKLWIWNCEELDLIDGEGMSGLTSLQSLLLMGLPKLVTLPLELKDTAPTTLKYFRIADCPNLVELPEWLPNCSSLQRLYIEDCPVLASIPQGIYSHNANVHIIDCPLLGG,MAESFLFNIIERVLAKVSSIAVYEISLAWNVKTELRKLQSTLSTIKAVLLDANEQKAKNHEVRDWLEKLRDVVYDVDDLMDDLSTQLLLQMHFQKSFRKKVRRFFSSSNPIIYRFKIGRKVKEIRELLNEIADDRRNFHFTEHTYVIPAENTSREQTHSFVRASDIIGRDDDQENIVKQLIDSHDEENISVIPIVGLGGLGKTTLVKLVYNNNRVVQNFDLRMWVSISEDFSLSKVIEKILRSATGESFDHLDMDQLQCCLGEVLQQKRYLLVLDDVWNEDQHKWTDLRELLMNCSRGSKIVVTTRSKMVALITGTVPPYYLGGLANDDCLSLFLKCAFGGQDNLFPNLVEIGKEIVKKCGGVPLAVKTLGRLLYMKTDENEWLQIRDNEIWEIEQNKSDILPILRLSYEQMPSHLRQCFAYCSMLPKGQEIPREDFINRWIAQGFIQSSNRNRKLEDIGNQYFDELLSRFCFLDVVQAFDGEILACKIHNLVHDLAQSVSGAECLNV,CC-NLR,CNL,Solanum lycopersicoides,Pseudomonas syringae|Ralstonia pseudosolanacearum,AvrRpt2|RipBN,ARPT2_PSEUB|,30785360,-,Yes,1,0.62,0.65,0.73,1,0.66,0.67,0.71
R3a,15807786,AAW48299,1282,MEIGLAVGGAFLSSALNVLFDRLAPHGDLLNMFQKHKDHVKLLKKLEDILLGLQIVLSDAENKQASNRHVSQWFNKLQNAVDGAENLIEQVNYEALRLKVEGQHQNLAETSNQQVSDLNLCFSDDFFLNIKDKLEETIETLEVLEKQIGRLGLKEHFGSTKQETRTPSTSLVDDSDIFGRQNDIEDLIDRLLSEDASGKKRTVVPIVGMGGLGKTTLAKAVYNDERVQIHFGLKAWFCVSEAFDAFRITKGLLQEIGSFDLKADDNLNQLQVKLKERLKGKKFLIVLDDVWNDNYNKWDELRNVFVQGDIGSKIIVTTRKESVALMMGNEQISMDNLSTESSWSLFKTHAFENMGPMGHPELEEVGKQIAAKCKGLPLALKTLAGMLRSKSEVEEWKRILRSEIWELPHNDILPALMLSYNDLPAHLKRCFSFCAIFPKDYPFRKEQVIHLWIANGLVPQEDVIIEDSGNQYFLELRSRSLFERVPNPSQGNTENLFLMHDLVNDLAQIASSKLCIRLEESQGSHMLEQSQHLSYSMGYGGEFEKLTPLYKLEQLRTLLPTCIDLPDCCHHLSKRVLHNILPRLTSLRALSLSCYEIVELPNDLFIKLKLLRFLDISRTEIKRLPDSICALYNLETLLLSSCYDLEELPLQMEKLINLRHLDISNTRLLKMPLHLSKLKSLQVLVGAKFLIGGLRMEDLGEVHNLYGSLSVVELQNVVDRREAVKAKMREKNHVDRLYLEWSGSSSADNSQTERDILDELRPHKNIKVVKITGYRGTNFPNWLADPLFLKLVKLSLRNCKNCYSLPALGQLPFLKFLSIREMHGITEVTEEFYGSWSSKKPFNCLEKLEFKDMPEWKQWDLLGSGEFPILEKLLIENCPELSLETVPIQLSSLKSFDVIGSPLVINFPLSILPTTLKRIKISDCQKLKLEQPTGEISMFLEELTLIKCDCIDDISPELLPRARKLWVQDWHNLTRFLIPTATETLDIWNCENVEILSVACGGTQMTSLTIAYCKKLKWLPERMQELLPSLKELHLSNCPEIESFPEGGLPFNLQQLAIRYCKKLVNGRKEWHLQRRLCLTALIIYHDGSDEEIVGGENWELPSSIQRLTIVNLKTLSSQHLKNLTSLQYLFIRGNLPQIQPMLEQGQCSHLTSLQSLQISSLQSLPESALPSSLSHLEISHCPNLQSLPESALPSSLSQLTINNCPNLQSLSESTLPSSLSQLEISFCPNLQYLPLKGMPSSLSELSIYKCPLLKPQLEFDKGEYWPNIAQFPTIKIDRECM,MEIGLAVGGAFLSSALNVLFDRLAPHGDLLNMFQKHKDHVKLLKKLEDILLGLQIVLSDAENKQASNRHVSQWFNKLQNAVDGAENLIEQVNYEALRLKVEGQHQNLAETSNQQVSDLNLCFSDDFFLNIKDKLEETIETLEVLEKQIGRLGLKEHFGSTKQETRTPSTSLVDDSDIFGRQNDIEDLIDRLLSEDASGKKRTVVPIVGMGGLGKTTLAKAVYNDERVQIHFGLKAWFCVSEAFDAFRITKGLLQEIGSFDLKADDNLNQLQVKLKERLKGKKFLIVLDDVWNDNYNKWDELRNVFVQGDIGSKIIVTTRKESVALMMGNEQISMDNLSTESSWSLFKTHAFENMGPMGHPELEEVGKQIAAKCKGLPLALKTLAGMLRSKSEVEEWKRILRSEIWELPHNDILPALMLSYNDLPAHLKRCFSFCAIFPKDYPFRKEQVIHLWIANGLVPQEDVIIEDSGNQYFLELRSRSLFERVPNPSQGNTENLFLMHDLVNDLAQIASSKLCIRLE,CC-NLR,CNL,Solanum tuberosum,Phytophthora infestans,Avr3a,AGV54932,15894622,-,Yes,1,0.6,0.63,0.7,1,0.59,0.61,0.67
Pit,18808453,BAH20862,989,MGTVLDALAWKFLEKLGQLIEDEVIMTLSVKRGIESLKKNLEFFNAVHEDAEALAMEDPGIDSWWKNMRDVMFDVDDIVDLFMVHSQKLLLPPRPVCCNQPLFSSFAKFSFDHMIAKRIDNINEKFEEIKMNKEMFGLERTNRQQIQITIVDRSQTSPVDELEVVGEDIRRAIDDMVKMIVSSNYNESRSTVFGIQGMGGIGKTTLAQKIYNEQRIREKFQVHIWLCISQNYTETSLLKQAIRMAGGICDQLETKTELLPLLVDTIRGKSVFLVLDDVWKSDVWIDLLRLPFLRGLNSHILVTSRNLDVLVEMHATYTHKVNKMNDCDGLELLMKMSLGPYEQSREFSGVGYQIVKKCDGLPLAIKVVAGVLSTKRTRAEWESIRDSKWSIHGLPRELGGPLYLSYSNLPPELKQCFLWCALLPSNFVIRRDAVAYWWVAEGFVTEVHGYSIHEVAEEYYHELIRRNLLQPRPEFVDKGESTMHDLLRSLGQFLTKDHSIFMNMEYSKALPNLRHLCISNDVEEIPAIEKQKCLRSLLVFDNKNFMKINKDIFRELKHIRVLVLSGTSIQIIPESVGNFLLLRLLDLSYTKIQKLPESIGKLTSLEYLSLHGCIHLDSLPDSLMRLSNISFLELEQTAIDHVPKGVAKLQQLYNLRGVFDSGTGFRLDELQCLSNIQRLRIVKLEKAAPGGSFVLKNCLHLRELWLGCTIGGHDKTYYQANEIERIQQVYELLIPSPSLLYIFLVGFPGVRFPDWLCSEPERKMPNLGHMHLNDCTSCSMLPPAGQMPELLVFKIKGADAIVNMGAELLGKGVNSAKHITIFPKLELLLITNMSNLESWSLNTWNLCGKSEQLVLMPCLKRLFLNDCPKLRALPEDLHRIANLRRIHIEGAHTLQEVDNLPSVLWLKVKNNRCLRRISNLCNLKDLLAQDCPALYQAENLISLKRLYMVDCHNAKQFRMSLLEDQQLAVHVVTVGADGRDIFPDESLYN,MGTVLDALAWKFLEKLGQLIEDEVIMTLSVKRGIESLKKNLEFFNAVHEDAEALAMEDPGIDSWWKNMRDVMFDVDDIVDLFMVHSQKLLLPPRPVCCNQPLFSSFAKFSFDHMIAKRIDNINEKFEEIKMNKEMFGLERTNRQQIQITIVDRSQTSPVDELEVVGEDIRRAIDDMVKMIVSSNYNESRSTVFGIQGMGGIGKTTLAQKIYNEQRIREKFQVHIWLCISQNYTETSLLKQAIRMAGGICDQLETKTELLPLLVDTIRGKSVFLVLDDVWKSDVWIDLLRLPFLRGLNSHILVTSRNLDVLVEMHATYTHKVNKMNDCDGLELLMKMSLGPYEQSREFSGVGYQIVKKCDGLPLAIKVVAGVLSTKRTRAEWESIRDSKWSIHGLPRELGGPLYLSYSNLPPELKQCFLWCALLPSNFVIRRDAVAYWWVAEGFVTEVHGYSIHEVAEEYYHELIRRNLLQPRPEFVDKGESTMHDLLRSLGQFLTKDHSIFMN,CC-NLR,CNL,Oryza sativa Japonica Group,Magnaporthe oryzae,-,-,-,-,Yes,1,0.67,0.7,0.77,1,0.66,0.68,0.73
Rps2,7923358//8091210,NP_194339,909,MDFISSLIVGCAQVLCESMNMAERRGHKTDLRQAITDLETAIGDLKAIRDDLTLRIQQDGLEGRSCSNRAREWLSAVQVTETKTALLLVRFRRREQRTRMRRRYLSCFGCADYKLCKKVSAILKSIGELRERSEAIKTDGGSIQVTCREIPIKSVVGNTTMMEQVLEFLSEEEERGIIGVYGPGGVGKTTLMQSINNELITKGHQYDVLIWVQMSREFGECTIQQAVGARLGLSWDEKETGENRALKIYRALRQKRFLLLLDDVWEEIDLEKTGVPRPDRENKCKVMFTTRSIALCNNMGAEYKLRVEFLEKKHAWELFCSKVWRKDLLESSSIRRLAEIIVSKCGGLPLALITLGGAMAHRETEEEWIHASEVLTRFPAEMKGMNYVFALLKFSYDNLESDLLRSCFLYCALFPEEHSIEIEQLVEYWVGEGFLTSSHGVNTIYKGYFLIGDLKAACLLETGDEKTQVKMHNVVRSFALWMASEQGTYKELILVEPSMGHTEAPKAENWRQALVISLLDNRIQTLPEKLICPKLTTLMLQQNSSLKKIPTGFFMHMPVLRVLDLSFTSITEIPLSIKYLVELYHLSMSGTKISVLPQELGNLRKLKHLDLQRTQFLQTIPRDAICWLSKLEVLNLYYSYAGWELQSFGEDEAEELGFADLEYLENLTTLGITVLSLETLKTLFEFGALHKHIQHLHVEECNELLYFNLPSLTNHGRNLRRLSIKSCHDLEYLVTPADFENDWLPSLEVLTLHSLHNLTRVWGNSVSQDCLRNIRCINISHCNKLKNVSWVQKLPKLEVIELFDCREIEELISEHESPSVEDPTLFPSLKTLRTRDLPELNSILPSRFSFQKVETLVITNCPRVKKLPFQERRTQMNLPTVYCEEKWWKALEKDQPNEELCYLPRFVPN,MDFISSLIVGCAQVLCESMNMAERRGHKTDLRQAITDLETAIGDLKAIRDDLTLRIQQDGLEGRSCSNRAREWLSAVQVTETKTALLLVRFRRREQRTRMRRRYLSCFGCADYKLCKKVSAILKSIGELRERSEAIKTDGGSIQVTCREIPIKSVVGNTTMMEQVLEFLSEEEERGIIGVYGPGGVGKTTLMQSINNELITKGHQYDVLIWVQMSREFGECTIQQAVGARLGLSWDEKETGENRALKIYRALRQKRFLLLLDDVWEEIDLEKTGVPRPDRENKCKVMFTTRSIALCNNMGAEYKLRVEFLEKKHAWELFCSKVWRKDLLESSSIRRLAEIIVSKCGGLPLALITLGGAMAHRETEEEWIHASEVLTRFPAEMKGMNYVFALLKFSYDNLESDLLRSCFLYCALFPEEHSIEIEQLVEYWVGEGFLTSSHGVNTIYKGYFLIGDLKAACLLETGDEKTQVKMHNVVRSFALWMASEQGTYK,CCG10-NLR,NL,Arabidopsis thaliana,Pseudomonas syringae,AvrRpt2|AvrRpm1,ARPT2_PSEUB|AF359557_4,8335641|18980653,-,Yes,1,0.41,0.46,0.6,1,0.48,0.51,0.6
Rps5,9724691,NP_001184970,889,MGGCFSVSLPCDQVVSQFSQLLCVRGSYIHNLSKNLASLQKAMRMLKARQYDVIRRLETEEFTGRQQRLSQVQVWLTSVLIIQNQFNDLLRSNEVELQRLCLCGFCSKDLKLSYRYGKRVIMMLKEVESLSSQGFFDVVSEATPFADVDEIPFQPTIVGQEIMLEKAWNRLMEDGSGILGLYGMGGVGKTTLLTKINNKFSKIDDRFDVVIWVVVSRSSTVRKIQRDIAEKVGLGGMEWSEKNDNQIAVDIHNVLRRRKFVLLLDDIWEKVNLKAVGVPYPSKDNGCKVAFTTRSRDVCGRMGVDDPMEVSCLQPEESWDLFQMKVGKNTLGSHPDIPGLARKVARKCRGLPLALNVIGEAMACKRTVHEWCHAIDVLTSSAIDFSGMEDEILHVLKYSYDNLNGELMKSCFLYCSLFPEDYLIDKEGLVDYWISEGFINEKEGRERNINQGYEIIGTLVRACLLLEEERNKSNVKMHDVVREMALWISSDLGKQKEKCIVRAGVGLREVPKVKDWNTVRKISLMNNEIEEIFDSHECAALTTLFLQKNDVVKISAEFFRCMPHLVVLDLSENQSLNELPEEISELASLRYFNLSYTCIHQLPVGLWTLKKLIHLNLEHMSSLGSILGISNLWNLRTLGLRDSRLLLDMSLVKELQLLEHLEVITLDISSSLVAEPLLCSQRLVECIKEVDFKYLKEESVRVLTLPTMGNLRKLGIKRCGMREIKIERTTSSSSRNKSPTTPCFSNLSRVFIAKCHGLKDLTWLLFAPNLTFLEVGFSKEVEDIISEEKAEEHSATIVPFRKLETLHLFELRGLKRIYAKALHFPCLKVIHVEKCEKLRKLPLDSKSGIAGEELVIYYGEREWIERVEWEDQATQLRFLPSSRWRWRET,MGGCFSVSLPCDQVVSQFSQLLCVRGSYIHNLSKNLASLQKAMRMLKARQYDVIRRLETEEFTGRQQRLSQVQVWLTSVLIIQNQFNDLLRSNEVELQRLCLCGFCSKDLKLSYRYGKRVIMMLKEVESLSSQGFFDVVSEATPFADVDEIPFQPTIVGQEIMLEKAWNRLMEDGSGILGLYGMGGVGKTTLLTKINNKFSKIDDRFDVVIWVVVSRSSTVRKIQRDIAEKVGLGGMEWSEKNDNQIAVDIHNVLRRRKFVLLLDDIWEKVNLKAVGVPYPSKDNGCKVAFTTRSRDVCGRMGVDDPMEVSCLQPEESWDLFQMKVGKNTLGSHPDIPGLARKVARKCRGLPLALNVIGEAMACKRTVHEWCHAIDVLTSSAIDFSGMEDEILHVLKYSYDNLNGELMKSCFLYCSLFPEDYLIDKEGLVDYWISEGFINEKEGRERNINQGYEIIGTLVRACLLLEEERNKSNVKMHDVVREMALWISSDLGKQK,CCG10-NLR,NL,Arabidopsis thaliana,Pseudomonas savastanoi,AvrPphB,AVRP3_PSESH,8589418,-,Yes,1,0.58,0.6,0.67,1,0.7,0.72,0.74
RGC2B,11952128,AAD03156,1810,MSDPTGIAGAIINPIAQTALVPVTDHVGYMISCRKYVRVMQMKMTELNTSRISVEEHISRNTRNHLQIPSQTKEWLDQVEGIRANVENFPIDVITCCSLRIRHKLGQKAFKITEQIESLTRQLSLISWTDDPVPLGRVGSMNASTSASLSDDFPSREKTFTQALKALEPNQKFHMVALCGMGGVGKTRMMQRLKKAAEEKKLFNYIVGAVIGEKTDPFAIQEAIADYLGIQLNEKTKPARADKLREWFKKNSDGGKTKFLIVLDDVWQLVDLEDIGLSPFPNQGVDFKVLLTSRDSQVCTMMGVEANSIINVGLLTEAEAQSLFQQFVETSEPELQKIGEDIVRKCCGLPIAIKTMACTLRNKRKDAWKDALSRIEHYDIHNVAPKVFETSYHNLQEEETKSTFLMCGLFPEDFDIPTEELMRYGWGLKLFDRVYTIREARTRLNTCIERLVQTNLLIESDDVGCVKMHDLVRAFVLGMFSEVEHASIVNHGNMPGWPDENDMIVHSCKRISLTCKGMIEIPVDLKFPKLTILKLMHGDKSLRFPQDFYEGMEKLHVISYDKMKYPLLPLAPRCSTNIRVLHLTECSLKMFDCSSIGNLSNLEVLSFANSHIEWLPSTVRNLKKLRLLDLRFCDGLRIEQGVLKSFVKLEEFYIGDASGFIDDNCNEMAERSYNLSALEFAFFNNKAEVKNMSFENLERFKISVGCSFDENINMSSHSYENMLQLVTNKGDVLDSKLNGLFLKTEVLFLSVHGMNDLEDVEVKSTHPTQSSSFCNLKVLIISKCVELRYLFKLNLANTLSRLEHLEVCECENMEELIHTGIGGCGEETITFPKLKFLSLSQLPKLSSLCHNVNIIGLPHLVDLILKGIPGFTVIYPQNKLRTSSLLKEGVVIPKLETLQIDDMENLEEIWPCELSGGEKVKLRAIKVSSCDKLVNLFPRNPMSLLHHLEELTVENCGSIESLFNIDLDCVGAIGEEDNKSLLRSINVENLGKLREVWRIKGADNSHLINGFQAVESIKIEKCKRFRNIFTPITANFYLVALLEIQIEGCGGNHESEEQIEILSEKETLQEATGSISNLVFPSCLMHSFHNLRVLTLDNYEGVEVVFEIESESPTCRELVTTRNNQQQPIILPYLQDLYLRNMDNTSHVWKCSNWNKFFTLPKQQSESPFHNLTTINILKCKSIKYLFSPLMAELLSNLKDIRISECDGIKEVVSNRDDEDEEMTTFTSTHTTTTLFPSLDSLTLSFLENLKCIGGGGAKDEGSNEISFNNTTATTAVLDQFELSEAGGVSWSLCQYAREIEIVGCYALSSVIPCYAAGQMQKLQVLRIESCDGMKEVFETQLGTSSNKNNEKSGCEEGIPRVNNNVIMLPNLKILSIGNCGGLEHIFTFSALESLRQLQELKIKFCYGMKVIVKKEEDEYGEQQTTTTTTKGASSSSSSSSSSSSKKVVVFPCLKSIVLVNLPELVGFFLGMNEFRLPSLDKLKIKKCPKMMVFTAGGSTAPQLKYIHTRLGKHTLDQESGLNFHQTSFQSLYGDTLGPATSEGTTWSFHNFIELDVEGNHDVKKIIPSSELLQLQKLEKINVRWCKRVEEVFETALEAAGRNGNSGIGFDESSQTTTTTLVNLPNLREMNLWGLDCLRYIWKSNQWTAFEFPNLTRVDIYKCKRLEHVFTSSMVGSLSQLQELHISNCSEMEEVIVKDADDSVEEDKEKESDGETNKEILVLPRLNSLILRELPCLKGFSLGKEDFSFPLLDTLRIEECPAITTFTKGNSATPQLKEIETHFGSFCAAGEKDINSLIKIKQQEFKQDSD,MSDPTGIAGAIINPIAQTALVPVTDHVGYMISCRKYVRVMQMKMTELNTSRISVEEHISRNTRNHLQIPSQTKEWLDQVEGIRANVENFPIDVITCCSLRIRHKLGQKAFKITEQIESLTRQLSLISWTDDPVPLGRVGSMNASTSASLSDDFPSREKTFTQALKALEPNQKFHMVALCGMGGVGKTRMMQRLKKAAEEKKLFNYIVGAVIGEKTDPFAIQEAIADYLGIQLNEKTKPARADKLREWFKKNSDGGKTKFLIVLDDVWQLVDLEDIGLSPFPNQGVDFKVLLTSRDSQVCTMMGVEANSIINVGLLTEAEAQSLFQQFVETSEPELQKIGEDIVRKCCGLPIAIKTMACTLRNKRKDAWKDALSRIEHYDIHNVAPKVFETSYHNLQEEETKSTFLMCGLFPEDFDIPTEELMRYGWGLKLFDRVYTIREARTRLNTCIERLVQTNLLIESDDVGCVKMHDLVRAFVLGM,CCG10-NLR,NL,Lactuca sativa,Oomycete,Bremia lactucae,-,-,-,Yes,1,0.69,0.71,0.75,1,0.69,0.71,0.72
Pvr4,27612097,ANZ78204,1745,MEIVTAILSPVAEHLMILPVARQIGYLFYYRRNIRSLENENKKLEGIRSGVQHRKDAEWRNLQVMPPHVENWLKDVNETTAEVAVLLRRRAEVERGCFYGWCPNLKSRHSLSRKAKKIEQAMIGLQDEGTRYAPSSCPAPLAVTVIHSDEFDSRKQKEEEVMTALKDEGITIVGICGMGGVGKTTLAEKVRARAKQERLFDYVVVLTISQQQPDIKKIQREIAEGVGLSLEGDDLLERGDRLRSRLMQKDSRVLVILDDVWKKVDLKRVGIPSGSDRNYWCKVILTTRLRDVCDDMEAKKKVHVEILCENEAWLLFRQKAGNSADDLSLPDIAEAVAKECKGLPLAIVTVAGALKGKTKRSWEDALLELKKAAPRNIRGVLADVYQPLKISYNHLGSDEAKDAFLLCSLFEEDSNIWTEELLRYGMGLGIFSELENLECARNRVSNLLETLKNCFLLSQVPGKDYVKMHDVVRDMAIHIASEGNHIFLVSHNVNSKEFPRKDSYKQYSHMSIVANKFDARPRPISCPRLKLLMLKLRFEEGFKLQDDFFDGMSELSVIKLSGYDRNSILPFPSSIQRLSNLSTLWLSNLRLDDVSIIGELVTLEILSIRGSDLQELPVEIGNLANLTMLEYWNTGYRNRMRISPGVLSRLVRLEELHMVGVEDCSYSTLRELESLSRLTALTLDGCSKDVIYSNLGLSSKLTRYALKMGRHYTFTSFMQTYNKAIYLDVTKGTPLGDWIRLLLRNSECVSSSGKGSKNVVFELQNVKDLRLSFCDSLNIHCQNNIPFPKLERLKVNGCDHLRHLFCVSLACPDEGTSRRTHIRPDVIKFPNLYYLELGFLKCFTHFFSDTVEGIEFPLLRKMHFWSLQKFQNFWPRVNNAITDSNPLFNEKVSCPNLELLRLCEANSLTALCSHQLPTAYFSKLVTLNVLRCGKLRNLMSPSVARGLLNLRILLLEDCESMEEVITEEEQQGDEIMCNEPLFPQLEELGLENLPNLRHFILTKQALEFPFLREVQIRNCPETKIFVQQRSVSTSSLKSVNNDDELKVVDLNKAMFNSKVSCPNLEVLRLYKANSISALCSHQLPTAYFSKLKELGVGNCGKLRHLMSPSVARGLLNLRKLWIGECQSMEEVITEEEQQGDEIMCNEPLFPQLEELGLENLPNLRHFILTKQALEFPFLREVLIRNCPETKIFVQQRSVSTSSLKSVNNDDELKVVDLNKAMFNSKVSCPNLEVLLLYKANSISALCSHQLPTAYFSKLKELGVWNCGKLRHLMSPSVARGLLNLRKLWIRECQSMEEVITEEEQQGDEIMCNEPLFPQLEELGLENLPNLRHFILTKQALEFPFLREVLIRNCPETKIFVQQRSVSTSSLKSVNNDDELKVVDLNKAMFNSKVSCPNLEVLLLYKANSISALCSHQLPTAYFSKLKELGVWNCGKLRHLMSPSVARGLLNLRKLWIRECQSMEEVITEEEQQGDEIMCNEPLFPQLEELGLENLPNLRHFILTKQALEFPFLREVLIRNCPETKIFVQQRSVSTSSLKSVNNDDELKVVDLNKAMFNSKVSCPNLEKLYIYSDITALYSHQLPTTYFSKLGTLKVENCGKLRHLISPSVARGLLNLRKLRIGECQSMEEVITEEEQQGDEIMCNEPLFPQLEKLKLENLPKLRHFILTKQALEFPFLKLVVIRKCPEMKIFVQHGYVSTPSLEIVNDDDEVKVDDLNEWIHQRFNSKEEDGSESESSQGEDWNRI,MEIVTAILSPVAEHLMILPVARQIGYLFYYRRNIRSLENENKKLEGIRSGVQHRKDAEWRNLQVMPPHVENWLKDVNETTAEVAVLLRRRAEVERGCFYGWCPNLKSRHSLSRKAKKIEQAMIGLQDEGTRYAPSSCPAPLAVTVIHSDEFDSRKQKEEEVMTALKDEGITIVGICGMGGVGKTTLAEKVRARAKQERLFDYVVVLTISQQQPDIKKIQREIAEGVGLSLEGDDLLERGDRLRSRLMQKDSRVLVILDDVWKKVDLKRVGIPSGSDRNYWCKVILTTRLRDVCDDMEAKKKVHVEILCENEAWLLFRQKAGNSADDLSLPDIAEAVAKECKGLPLAIVTVAGALKGKTKRSWEDALLELKKAAPRNIRGVLADVYQPLKISYNHLGSDEAKDAFLLCSLFEEDSNIWTEELLRYGMGLGIFSELENLECARNRVSNLLETLKNCFLLSQVPGKDYVKMHDVVRDMAIHIASEGNHIF,CCG10-NLR,NL,Capsicum annuum,Potato virus Y (PVY)|Pepper mottle virus (PepMoV)|Pepper severe mosaic virus (PepSMV),NIb,MULTISPECIES,25760376,-,Yes,1,0.67,0.7,0.76,1,0.68,0.7,0.75
Vat,25283874,AIU36098,1467,MDILISVTAKIAEYTVEPVGRQLGYVFFIRSNFQKLKTQVEKLKITRESVQHKIHSARRNAEDIKPAVEEWLKKVDDFVRESDEILANEGGHGGLCSTYLVQRHKLSRKASKMVDEVLEMKNEGESFDMVSYKSVIPSVDCSLPKVPDFLDFESRKSIMEQIMDALSDGNVHRIGVYGMGGVGKTMLVKDILRKIVESKKPFDEVVTSTISQTPDFRSIQGQLADKLGLKFEQETIEGRATILRKRLKMERSILVVLDDVWEYIDLETIGIPSVEDHTGCKILFTTRIKHLISNQMCANKIFEIKVLGKDESWNLFKAMAGDIVDASDLKPIAIRIVRECAGLPIAITTVAKALRNKPSDIWNDALDQLKTVDVGMANIGEMEKKVYLSLKLSYDCLGYEEVKLLFLLCSMFPEDFSIDVEGLHVYAMGMGFLHGVDTVVKGRRRIKKLVDDLISSSLLQQYSEYGCNYVKMHDMVRDVALLIASKNEHVRTLSYVKRSNEEWEEEKLLGNHTAVFIDGLHYPLPKLTLPKVQLLRLVAKYCWEHNKRVSVVETFFEEMKELKGLVVENVNISLMQRPSDVYSLANIRVLRLERCQLLGSIDWIGELKKLEILDFSESNITQIPTTMSQLTQLKVLNLSSCEQLEVIPPNILSKLTKLEELDLETFDGWEGEEWYEGRKNASLSELKCLRHLYALNLTIQDEEIMPENLFLVGKLKLQKFNICIGCESKLKYTFAYKNRIKNFIGIKMESGRCLDDWIKNLLKRSDNVLLEGSVCSKVLHSELVSLPNLEKLEIVNAKSLKMIWSNNVPILNSFSKLEEIKIYSCNNLQKVLFPPNMMDILTCLKVLEIKNCDLLEGIFEAQEPISVVESNNLPILNSFSKLEEIRIWSCNNLQKVLFPSNMMGILPCLKVLDIRGCELLEGIFEVQEPISVVESNSVPILNSFSKLEKIRIWSCNNLQKILFPSNMMGILTCLKVLEIRDCELLEGIFEVQEPISVVESNNLPILNSFSKLEEIRIGSCNNLQKVLFPPNMMGILTCLKVLEIRHCNLLEGIFEVQEPISIVEASPILLQNLSSLMLCNLPNLEYVWSKNPYELLSLENIKSLTIDKCPRLRREYSVKILKQLEDVSIDIKQLMKVIEKEKSAHHNMLESKQWETSSSSKDGVLRLGDGSKLFPNLKSLKLYGFVDYNSTHLPMEMLQILFQLVVFELEGAFLEEIFPSNILIPSYMVLRRLALSKLPKLKHLWSEECSQNNITSVLQHLISLRISECGRLSSLLSSIVCFTNLKHLRVYKCDGLTHLLNPSVATTLVQLESLTIEECKRMSSVIEGGSTEEDGNDEMVVFNNLQHLYIFNCSNLTSFYCGRCIIKFPCLRQVDIWNCSEMKVFSLGIVSTPRLKYENFSLKNDYDDERCHPKYPKDMLVEDMNVITREYWEDNVDTGIPNLFAEQSLEENRSENSSSSKNNVEKE,MDILISVTAKIAEYTVEPVGRQLGYVFFIRSNFQKLKTQVEKLKITRESVQHKIHSARRNAEDIKPAVEEWLKKVDDFVRESDEILANEGGHGGLCSTYLVQRHKLSRKASKMVDEVLEMKNEGESFDMVSYKSVIPSVDCSLPKVPDFLDFESRKSIMEQIMDALSDGNVHRIGVYGMGGVGKTMLVKDILRKIVESKKPFDEVVTSTISQTPDFRSIQGQLADKLGLKFEQETIEGRATILRKRLKMERSILVVLDDVWEYIDLETIGIPSVEDHTGCKILFTTRIKHLISNQMCANKIFEIKVLGKDESWNLFKAMAGDIVDASDLKPIAIRIVRECAGLPIAITTVAKALRNKPSDIWNDALDQLKTVDVGMANIGEMEKKVYLSLKLSYDCLGYEEVKLLFLLCSMFPEDFSIDVEGLHVYAMGMGFLHGVDTVVKGRRRIKKLVDDLISSSLLQQYSEYGCNYVKMHDMVRDVALLIASKNEHVRTLSY,CCG10-NLR,NL,Cucumis melo,Aphis gossypii,-,-,-,-,Yes,1,0.65,0.68,0.71,1,0.65,0.67,0.7
Rsv3,29080441,ATQ64322,1295,MGDIVLSIVAKLAEYTVGPILDHARYLCCFNNIAGNLPNAKEELELTRNSVKERVEEAIMRTEIIEPAVEKWLKDVEKVLEEVHMLQGRISEVSKSYFRRQFQYFLTKEIARKIEKMAQLNHNSKFEPFSKIAELPGMKYYSSKDFVRFKSRESTYENLLEALKDKSACTIGLVGLGGSGKTTLAKEVGKKAEELKLFEKVVMATVSQTPNITSIQMQIADKLGLKFEEKTEEGRAQRLSERLRTGTTLLILDDVWEKLEFEAIGIPYNENNKGCGVILTTRSREVCISMQCQTIIELNLLAGNEAWDLFKLNANITDESPYALKGVATKIVDECKGLAIAIVTVGSTLKGKTVKEWELALSRLKDSEPLDIPKGLRSPYACLGLSYDNLTNELAKSLFLLCSIFPEDHEIDLEDLFRFGKGMGLPGTFGTMEKARREMQIAVSILIDCYLLLEASKKERVKMHDMVRDVALWIASKTGKAILASTGMDPRMLLEDETIKDKRAISLWDLKNGQLLDDDQLNCPSLEILLFHSTEVDFDVSNACFERLKMIKILAILTSSLNWRRRELMKPFGTSYLSLSLPQSMESLQNLHTLCLRGHILGDISILESLQALEVLDLRNSSFIELPNGIASLKKLKLLDLFNCVIREHNAYEVIGRCLQLNELYLCIYLCAYEEFPHNISLSRLERYVLNFKMYSQSWTDMMEEHRPCRALCINGFNASVQSFISLPIKDFFQKAEYLHLRDLKGGYENVIPSMVPQGMNHLTFLILEDCPEIKCVFDGTTMQTEDAFSSLVILRLYELDNLEEVFNDPSSRCSLKSLEELSIESCRQLYNISFPKNSKLCHLKFLTIDHCPMLTCIFKPSIVQTLELLEQVTISDCFELKQIIEEVEEGSVDYVSSQSHTSLMLPKLRTLTILRCHSLEYIFPMCYAHGLASLEELNIGFCDKLKYVFGSEKEHDLRVYQHQSHPQTNIHINFLNLETLRLTELPNLVEIWPKYFDPHLPNLKELQCIDCPRLPDSWVRRVMIIDSDLQQDSTTTEKELLCSVTTTFNQLSDQVLSSKLRHLQLYGLGVKGLFQFQIREHGSNTELAPLNLDLIYAELSDLPELEFIWKGPTNFLSLQMLDVIYVNRCPKLKVIFSPTIVRSLPMLRTLEITHCEELEQIFDSGDAQTLYTCSQQVCFPNLHYICVEKCNKLKYLFHNFVAGHFHNLIALEIKDCSQLQKVFAFECETDDDDQEGIVMDGEKVLLRNLLRIRLSRLPNFKEIHHGFKLKDDVEEHIINDCPKYSPSLYLHTEE,MGDIVLSIVAKLAEYTVGPILDHARYLCCFNNIAGNLPNAKEELELTRNSVKERVEEAIMRTEIIEPAVEKWLKDVEKVLEEVHMLQGRISEVSKSYFRRQFQYFLTKEIARKIEKMAQLNHNSKFEPFSKIAELPGMKYYSSKDFVRFKSRESTYENLLEALKDKSACTIGLVGLGGSGKTTLAKEVGKKAEELKLFEKVVMATVSQTPNITSIQMQIADKLGLKFEEKTEEGRAQRLSERLRTGTTLLILDDVWEKLEFEAIGIPYNENNKGCGVILTTRSREVCISMQCQTIIELNLLAGNEAWDLFKLNANITDESPYALKGVATKIVDECKGLAIAIVTVGSTLKGKTVKEWELALSRLKDSEPLDIPKGLRSPYACLGLSYDNLTNELAKSLFLLCSIFPEDHEIDLEDLFRFGKGMGLPGTFGTMEKARREMQIAVSILIDCYLLLEASKKERVKMHDMVRDVALWIASKTGKAILAS,CCG10-NLR,NL,Glycine max,Soybean mosaic virus (SMV),-,-,-,-,Yes,1,0.65,0.68,0.75,1,0.64,0.67,0.73
NbNRG1,15916955,AAY54606,850,MAATLLGGAALGPVFDILLKAVLDVGIKIATFRSKFQSLIKTLNDIKPVFDDIERLNKALDGRDYEIEMFKKQLFAGEELVRKCSKTKCYDALKKWNYSRKLTKLENSLVRFCQVHGFIQVCRDSKIILVNVIEHGKKLDQITSMLRGISLRNGSSIGFTNSNGSSGWMNGNSFGSTNGSGFSGWSDVPQFSDSVVGFDLPLQELKVKLLEEKEKVVVLSAPAGCGKTTLAAMLCQEDDIKDKYRDIFFVTVSKKANIKRIVGEIFEMKGYKGPDFASEHAAVCQLNNLLRRSTSQPVLLVLDDVWSESDFVIESFIFQIPGFKILVTSRSVFPKFDTYKLNLLSEKDAKALFYSSAFKDSIPYVQLDLVHKAVRSCCGFPLALKVVGRSLCGQPELIWFNRVMLQSKRQILFPTENDLLRTLRASIDALDEIDLYSSEATTLRDCYLDLGSFPEDHRIHAAAILDMWVERYNLDEDGMKAMAIFFQLSSQNLVNLALARKDAPAVLGLHNLHYIQQHDLLRELVIHQCDEKTVEERKRLYINIKGNDFPKWWSQQRLQPLQAEVLSIFTDEHFESVWYDVRFPKVEVLVLNFETKTYNFPPFVEQMSQLKTLIVANNYFFPTKLNNFQLCSLLNLKRISLERISVTSIFTANLQLPNLRKISFIMCEIGEAFENYAANMSYMWPKLVEMNIEYCSDLVEVPAETCDLVGLKKLSICYCHELVALPEELGKLSNLEVLRLHSCTNVSKLPESVVKLNRLGFLDVYDCVELDFLPREMDQLCSLRTICMGSRLGFTELPDSVLRLVKLEDVVCDEETASLWEYYKEHLRNLRITVIKEDINLNLLHKSLFI,MAATLLGGAALGPVFDILLKAVLDVGIKIATFRSKFQSLIKTLNDIKPVFDDIERLNKALDGRDYEIEMFKKQLFAGEELVRKCSKTKCYDALKKWNYSRKLTKLENSLVRFCQVHGFIQVCRDSKIILVNVIEHGKKLDQITSMLRGISLRNGSSIGFTNSNGSSGWMNGNSFGSTNGSGFSGWSDVPQFSDSVVGFDLPLQELKVKLLEEKEKVVVLSAPAGCGKTTLAAMLCQEDDIKDKYRDIFFVTVSKKANIKRIVGEIFEMKGYKGPDFASEHAAVCQLNNLLRRSTSQPVLLVLDDVWSESDFVIESFIFQIPGFKILVTSRSVFPKFDTYKLNLLSEKDAKALFYSSAFKDSIPYVQLDLVHKAVRSCCGFPLALKVVGRSLCGQPELIWFNRVMLQSKRQILFPTENDLLRTLRASIDALDEIDLYSSEATTLRDCYLDLGSFPEDHRIHAAAILDMWVERYNLDEDGMKAMAIFFQLSSQNLVNLALARKDAPAVLGLHNLHYIQQHDLLRELVIHQC,CCR-NLR,RNL,Nicotiana benthamiana,-,-,-,-,Helper,Yes,1,0.5,0.5,0.57,11,0.42,0.43,0.53
NbADR1,30582759,g31378,828,MAVTDFFAGEIATELLKHLIAIVRKSTFCRSTAEQLIVDINGLLPIIQEIKQTGVELSQTRQRQLDDFSKILQDGYELAGKVLNSGRWNVYRNLQLARKMERLEKRVGRFMQVTMQAHVLADVHHVRFNMEQRFDVLEHRLKAIKIGVDDGGGGGGCLGKAVKRMEEDEKWFEDSFVNLGAGIELGKRKVKEMLMGKEDRGVFEICGIGGSGKTTLAKEICKDDQVKSYFKDKIFFFTVSQSPNVEQLRKTIWEKISGCNLHGYGRAEILPQWNLQYQWNSNSTVPVLLILDDVWSLSVLEPLILKIPGCKILVVSRIKFPPSVVDCVYDLELLREDEAMSLFCHFAFGHNSIPRGFNHTLVKKVVEECEGLPLALKVIGSSLKGKPEMFWTSAKNRLSQSQPVCESHELQLLERMKLSIDCLPDKVRECFLDLGAFPEDKRIPLDVLINMWVELHDIDEEEAFHILVELSDKNLLNLVKDARAGDMYTSYYEISVSQHDVLRDLAVHVSNRGDVNQRRQLVMPRRDTRLPKEWERNMDEPFNARVISLHTDEMREMDWFRMDFPKAEVLILNFSSSEYFLPPFLENMPKLRALIVINYSASNVVLHNISVFGNLTNLRSLWFEKISVTHLSDSTSPLNNLRKISLILCDMKNSLDESFVDLPGLFPQLSEFTMDHCINFNKLPSSICQLHKLKTLGITNCDSLYELPYDLGELQALQVLRIYACPHLKKLPPGIGHLVTLKYLDISQCIGLRCLPEGIGCCRNLEKIDMRECPQIESLPSSLAFLESLRCVICDNEIFCQWNDVEKTIPGLCVQVAEECFTLDWLSQ,MAVTDFFAGEIATELLKHLIAIVRKSTFCRSTAEQLIVDINGLLPIIQEIKQTGVELSQTRQRQLDDFSKILQDGYELAGKVLNSGRWNVYRNLQLARKMERLEKRVGRFMQVTMQAHVLADVHHVRFNMEQRFDVLEHRLKAIKIGVDDGGGGGGCLGKAVKRMEEDEKWFEDSFVNLGAGIELGKRKVKEMLMGKEDRGVFEICGIGGSGKTTLAKEICKDDQVKSYFKDKIFFFTVSQSPNVEQLRKTIWEKISGCNLHGYGRAEILPQWNLQYQWNSNSTVPVLLILDDVWSLSVLEPLILKIPGCKILVVSRIKFPPSVVDCVYDLELLREDEAMSLFCHFAFGHNSIPRGFNHTLVKKVVEECEGLPLALKVIGSSLKGKPEMFWTSAKNRLSQSQPVCESHELQLLERMKLSIDCLPDKVRECFLDLGAFPEDKRIPLDVLINMWVELHDIDEEEAFHILVELSDKNLLNLVKDARAGDMYTSYYEISVSQHDVLRDLAV,CCR-NLR,RNL,Nicotiana benthamiana,-,-,-,-,Helper,Yes,1,0.58,0.59,0.57,1,0.53,0.58,0.55
